id,pred
2015_1107_1112,0.25452227940514788
2015_1107_1116,0.31552919604431495
2015_1107_1124,0.1886119919542599
2015_1107_1125,0.3172117883679878
2015_1107_1129,0.5694492240637038
2015_1107_1138,0.2031467801099936
2015_1107_1139,0.22516739017096354
2015_1107_1140,0.29642576882391797
2015_1107_1153,0.032114447066613309
2015_1107_1157,0.46157850257053679
2015_1107_1172,0.54331337029540938
2015_1107_1173,0.032576117303495182
2015_1107_1181,0.23251935048340533
2015_1107_1186,0.54565200718143769
2015_1107_1207,0.23509302059484918
2015_1107_1208,0.17905759161585053
2015_1107_1209,0.49050143368462445
2015_1107_1211,0.46660903287090716
2015_1107_1214,0.83823060018546447
2015_1107_1217,0.40059093911905719
2015_1107_1231,0.25453265191468905
2015_1107_1234,0.18781597024784843
2015_1107_1235,0.36647391098944188
2015_1107_1242,0.33791150930167696
2015_1107_1246,0.28401822626358658
2015_1107_1248,0.80504507728510322
2015_1107_1257,0.29497741521728271
2015_1107_1261,0.34739197991873871
2015_1107_1264,0.76642913916968147
2015_1107_1268,0.22496108052084518
2015_1107_1277,0.196322849359676
2015_1107_1279,0.21793197937627218
2015_1107_1295,0.41901078500495886
2015_1107_1301,0.23341921301285623
2015_1107_1308,0.34172409870798004
2015_1107_1314,0.28515451945817705
2015_1107_1316,0.35109788184741009
2015_1107_1318,0.61685175161693717
2015_1107_1320,0.54307761987393255
2015_1107_1323,0.29257649034811034
2015_1107_1326,0.25645502587125507
2015_1107_1328,0.29792823246731204
2015_1107_1329,0.21990323180934579
2015_1107_1332,0.30473321398509717
2015_1107_1344,0.17637100418611307
2015_1107_1345,0.27852721509277334
2015_1107_1352,0.7517707032288945
2015_1107_1361,0.28463921378918861
2015_1107_1372,0.42608876940823209
2015_1107_1374,0.68834203457859222
2015_1107_1385,0.31130467231455472
2015_1107_1400,0.24163007577057538
2015_1107_1411,0.62399931827525956
2015_1107_1412,0.47593659110320857
2015_1107_1414,0.62260477259658575
2015_1107_1417,0.26696984254543626
2015_1107_1428,0.28601277199863662
2015_1107_1433,0.31699362288504512
2015_1107_1434,0.2810700913773494
2015_1107_1437,0.18616790215091525
2015_1107_1438,0.33054489012525012
2015_1107_1452,0.31328035892148576
2015_1107_1455,0.31157262786770767
2015_1107_1458,0.37280772116976268
2015_1107_1459,0.36029524557082815
2015_1107_1461,0.59378043710380735
2015_1107_1462,0.12423168112571463
2015_1112_1116,0.85175599096304278
2015_1112_1124,0.75845985006738881
2015_1112_1125,0.75741835548444647
2015_1112_1129,0.81210530409609061
2015_1112_1138,0.8611036525845559
2015_1112_1139,0.82579941152515968
2015_1112_1140,0.83074369015432337
2015_1112_1153,0.74711744149071069
2015_1112_1157,0.69794742014313504
2015_1112_1172,0.78085559751815714
2015_1112_1173,0.72096104292968632
2015_1112_1181,0.65234606059487077
2015_1112_1186,0.7409031018712845
2015_1112_1207,0.69792559695555434
2015_1112_1208,0.59716924266131044
2015_1112_1209,0.79757868477254845
2015_1112_1211,0.75105736726308392
2015_1112_1214,0.74683752064398023
2015_1112_1217,0.82024943062078637
2015_1112_1231,0.82471813337587219
2015_1112_1234,0.75955658539798554
2015_1112_1235,0.67664109296440944
2015_1112_1242,0.28255333920797954
2015_1112_1246,0.4101038774038881
2015_1112_1248,0.84518015781868794
2015_1112_1257,0.64754769495178399
2015_1112_1261,0.66059942730940113
2015_1112_1264,0.80992194663256489
2015_1112_1268,0.7600996614450426
2015_1112_1277,0.68330501602950278
2015_1112_1279,0.87887595006760344
2015_1112_1295,0.75914481613020701
2015_1112_1301,0.81573880514201824
2015_1112_1308,0.69624543763243152
2015_1112_1314,0.51526024165352668
2015_1112_1316,0.77090582897055748
2015_1112_1318,0.76821482206889224
2015_1112_1320,0.76409707448909781
2015_1112_1323,0.64339477639641951
2015_1112_1326,0.81842156964960422
2015_1112_1328,0.52821340845629494
2015_1112_1329,0.8258039184067999
2015_1112_1332,0.82248782941793563
2015_1112_1344,0.71504623566884029
2015_1112_1345,0.80963892049994701
2015_1112_1352,0.85463668762350009
2015_1112_1361,0.81274902036228813
2015_1112_1372,0.64026250287198683
2015_1112_1374,0.84603067464225812
2015_1112_1385,0.76561772645789228
2015_1112_1400,0.63468926934445147
2015_1112_1411,0.60113599569578247
2015_1112_1412,0.79087894444146645
2015_1112_1414,0.82262871778177782
2015_1112_1417,0.82254844235215319
2015_1112_1428,0.82252995527193151
2015_1112_1433,0.71928910632296916
2015_1112_1434,0.81759451450102938
2015_1112_1437,0.66066867052316847
2015_1112_1438,0.49238252858602893
2015_1112_1452,0.46741974221651661
2015_1112_1455,0.74562034652017795
2015_1112_1458,0.37899565947701835
2015_1112_1459,0.79188513137466554
2015_1112_1461,0.75962050758791899
2015_1112_1462,0.87104885840003099
2015_1116_1124,0.42783170159242317
2015_1116_1125,0.80561289802125047
2015_1116_1129,0.87119015634573593
2015_1116_1138,0.85713934636112588
2015_1116_1139,0.48475998889218669
2015_1116_1140,0.60590658956619348
2015_1116_1153,0.91112872275543644
2015_1116_1157,0.70256775086158418
2015_1116_1172,0.72479348103355301
2015_1116_1173,0.82263101123850235
2015_1116_1181,0.17821958825914716
2015_1116_1186,0.73622130811461706
2015_1116_1207,0.64202011301919526
2015_1116_1208,0.76164095367083551
2015_1116_1209,0.70570853792469135
2015_1116_1211,0.87263064318267747
2015_1116_1214,0.82254263597017896
2015_1116_1217,0.74760739575773139
2015_1116_1231,0.76659620162254039
2015_1116_1234,0.47773617679499586
2015_1116_1235,0.17635696254411043
2015_1116_1242,0.31144657612492388
2015_1116_1246,0.17639588867067352
2015_1116_1248,0.81377716529214272
2015_1116_1257,0.39119592089715177
2015_1116_1261,0.17627504796285975
2015_1116_1264,0.83580180582641517
2015_1116_1268,0.094020557976775443
2015_1116_1277,0.54609234776366833
2015_1116_1279,0.76456533060889009
2015_1116_1295,0.75582741147205179
2015_1116_1301,0.61202395977087787
2015_1116_1308,0.7012069556797953
2015_1116_1314,0.39850073002078285
2015_1116_1316,0.73463359893097802
2015_1116_1318,0.76472535619839777
2015_1116_1320,0.86891107469031204
2015_1116_1323,0.31945948138104818
2015_1116_1326,0.58589548307291495
2015_1116_1328,0.22920989899116068
2015_1116_1329,0.56830361806948937
2015_1116_1332,0.47133311872578454
2015_1116_1344,0.1006255135472931
2015_1116_1345,0.53578011745794252
2015_1116_1352,0.76999220742883978
2015_1116_1361,0.84289111005829198
2015_1116_1372,0.66537196479827709
2015_1116_1374,0.87474806341987854
2015_1116_1385,0.33184474234702799
2015_1116_1400,0.66428009069852501
2015_1116_1411,0.76709186019846698
2015_1116_1412,0.83710830185687202
2015_1116_1414,0.8092994850228733
2015_1116_1417,0.51935946456939119
2015_1116_1428,0.11291114931292058
2015_1116_1433,0.42567595142649034
2015_1116_1434,0.73858328330091672
2015_1116_1437,0.30395277045599539
2015_1116_1438,0.33601860565990138
2015_1116_1452,0.43365003673596736
2015_1116_1455,0.75001918626994835
2015_1116_1458,0.27898494522852685
2015_1116_1459,0.72800593122473434
2015_1116_1461,0.85433397928357735
2015_1116_1462,0.63064253078241095
2015_1124_1125,0.79071872223152273
2015_1124_1129,0.89809701774725026
2015_1124_1138,0.89239311379499975
2015_1124_1139,0.65944563986582505
2015_1124_1140,0.74205978624414182
2015_1124_1153,0.9136181565767717
2015_1124_1157,0.84322726799997327
2015_1124_1172,0.79324743119360452
2015_1124_1173,0.77211698228671533
2015_1124_1181,0.41404901042066916
2015_1124_1186,0.72579234249190927
2015_1124_1207,0.84351655920367541
2015_1124_1208,0.87453160530156615
2015_1124_1209,0.85742387339777415
2015_1124_1211,0.85027561839667409
2015_1124_1214,0.84316013923345356
2015_1124_1217,0.82339172262722127
2015_1124_1231,0.85559861701992368
2015_1124_1234,0.64033380798001605
2015_1124_1235,0.82258634656145901
2015_1124_1242,0.17628070218404632
2015_1124_1246,0.3028738145725598
2015_1124_1248,0.90817967760085339
2015_1124_1257,0.59287965824142519
2015_1124_1261,0.7132133799355902
2015_1124_1264,0.91493942907112724
2015_1124_1268,0.82040865136086838
2015_1124_1277,0.75600366301150179
2015_1124_1279,0.92079429661162504
2015_1124_1295,0.85344583471137692
2015_1124_1301,0.78524033574672991
2015_1124_1308,0.82262795992248772
2015_1124_1314,0.57066627919813229
2015_1124_1316,0.84812995415239811
2015_1124_1318,0.864253505436134
2015_1124_1320,0.88624528126706892
2015_1124_1323,0.35579231888369495
2015_1124_1326,0.684984875702494
2015_1124_1328,0.51728904209780913
2015_1124_1329,0.80337192605965979
2015_1124_1332,0.87750800616600466
2015_1124_1344,0.79610247783623911
2015_1124_1345,0.753886235774061
2015_1124_1352,0.87326293644949959
2015_1124_1361,0.85302348521411098
2015_1124_1372,0.71022580223309473
2015_1124_1374,0.94123732191593312
2015_1124_1385,0.74508553053838744
2015_1124_1400,0.44829976961470236
2015_1124_1411,0.82255454689925711
2015_1124_1412,0.876721299157456
2015_1124_1414,0.84628084760752675
2015_1124_1417,0.69717661187011748
2015_1124_1428,0.59077865180554068
2015_1124_1433,0.72747096752072449
2015_1124_1434,0.86046697458053512
2015_1124_1437,0.47707639898990423
2015_1124_1438,0.5176222949222008
2015_1124_1452,0.82248719522101199
2015_1124_1455,0.83539404965953656
2015_1124_1458,0.24737499669252477
2015_1124_1459,0.83054050399216928
2015_1124_1461,0.86168777250047757
2015_1124_1462,0.90042419522785655
2015_1125_1129,0.46191644031663354
2015_1125_1138,0.31397138086479337
2015_1125_1139,0.15516113389724742
2015_1125_1140,0.16597396252078689
2015_1125_1153,0.30372606871996521
2015_1125_1157,0.62510092908189963
2015_1125_1172,0.2106529082472989
2015_1125_1173,0.34628062993969216
2015_1125_1181,0.21051903378594608
2015_1125_1186,0.4838065211173645
2015_1125_1207,0.20330852307669953
2015_1125_1208,0.14155937211636044
2015_1125_1209,0.52088255529827754
2015_1125_1211,0.22962048976678487
2015_1125_1214,0.75679242118324441
2015_1125_1217,0.54050135103169517
2015_1125_1231,0.22632333596867729
2015_1125_1234,0.18531527169525805
2015_1125_1235,0.38008153364458369
2015_1125_1242,0.35392800883541259
2015_1125_1246,0.26523391486654624
2015_1125_1248,0.64338013994230214
2015_1125_1257,0.24569029316216001
2015_1125_1261,0.23943518428811217
2015_1125_1264,0.77615653348849933
2015_1125_1268,0.23846704790321532
2015_1125_1277,0.13918417016209164
2015_1125_1279,0.33661650360218792
2015_1125_1295,0.56027093765739755
2015_1125_1301,0.23774055480604114
2015_1125_1308,0.42583509913155876
2015_1125_1314,0.28065168459008766
2015_1125_1316,0.52269803030963247
2015_1125_1318,0.63387819480377983
2015_1125_1320,0.39434331689819307
2015_1125_1323,0.27337712272639125
2015_1125_1326,0.1937011322304886
2015_1125_1328,0.28381263163357612
2015_1125_1329,0.19138521136807199
2015_1125_1332,0.16839682261705827
2015_1125_1344,0.12799878176909216
2015_1125_1345,0.29048809321008662
2015_1125_1352,0.75751796772853253
2015_1125_1361,0.15663520238828468
2015_1125_1372,0.52740282544528705
2015_1125_1374,0.82252107395329288
2015_1125_1385,0.32303345904835951
2015_1125_1400,0.25401391565069265
2015_1125_1411,0.67617472976051651
2015_1125_1412,0.36934035083990774
2015_1125_1414,0.58315354827787091
2015_1125_1417,0.28643826023653096
2015_1125_1428,0.24036800311729778
2015_1125_1433,0.17632020132302983
2015_1125_1434,0.51157857036605192
2015_1125_1437,0.16248494513636641
2015_1125_1438,0.32051514871311271
2015_1125_1452,0.28884391938556098
2015_1125_1455,0.38932348108349119
2015_1125_1458,0.36456472162166381
2015_1125_1459,0.21609721071757007
2015_1125_1461,0.53615534141895316
2015_1125_1462,0.095337403070004254
2015_1129_1138,0.50715557317071147
2015_1129_1139,0.12810704912038492
2015_1129_1140,0.28216504071413612
2015_1129_1153,0.33199006414368654
2015_1129_1157,0.69252180495896487
2015_1129_1172,0.10087052973733247
2015_1129_1173,0.2819304615564398
2015_1129_1181,0.15703446296098972
2015_1129_1186,0.69391138307669642
2015_1129_1207,0.12261917209271625
2015_1129_1208,0.22774749377433948
2015_1129_1209,0.69716163906381257
2015_1129_1211,0.19702282083883521
2015_1129_1214,0.86858203762366026
2015_1129_1217,0.54709269842311559
2015_1129_1231,0.21238538629501036
2015_1129_1234,0.10384407869895043
2015_1129_1235,0.22890687186475586
2015_1129_1242,0.24579900988542391
2015_1129_1246,0.20179401605615985
2015_1129_1248,0.72598405355943907
2015_1129_1257,0.12092413118504917
2015_1129_1261,0.28367988870364308
2015_1129_1264,0.83288358985383271
2015_1129_1268,0.23755540886934173
2015_1129_1277,0.1497325594534783
2015_1129_1279,0.27220245145059968
2015_1129_1295,0.514662740888157
2015_1129_1301,0.17630793108101064
2015_1129_1308,0.87918180646162059
2015_1129_1314,0.16226856406515422
2015_1129_1316,0.80504221324358727
2015_1129_1318,0.47578584109057737
2015_1129_1320,0.40625448927252111
2015_1129_1323,0.27302842755756529
2015_1129_1326,0.12565185301161064
2015_1129_1328,0.20074726310923285
2015_1129_1329,0.096025723458531748
2015_1129_1332,0.16980630948301367
2015_1129_1344,0.13431885900563045
2015_1129_1345,0.13622112688581722
2015_1129_1352,0.79439294377550562
2015_1129_1361,0.28428324790831722
2015_1129_1372,0.60145023211131288
2015_1129_1374,0.84069367937555406
2015_1129_1385,0.23328015359079507
2015_1129_1400,0.17984076247923819
2015_1129_1411,0.76806746548524929
2015_1129_1412,0.6476291051323535
2015_1129_1414,0.55940336077209352
2015_1129_1417,0.24753164995871652
2015_1129_1428,0.2184406361695489
2015_1129_1433,0.26188979400205242
2015_1129_1434,0.34686220967996356
2015_1129_1437,0.1202531076523824
2015_1129_1438,0.19199409300524542
2015_1129_1452,0.2763332729436685
2015_1129_1455,0.42144941564078547
2015_1129_1458,0.17640461951491843
2015_1129_1459,0.60977739254722618
2015_1129_1461,0.34069291899236687
2015_1129_1462,0.067299464929428746
2015_1138_1139,0.18072051464757796
2015_1138_1140,0.12208902772374014
2015_1138_1153,0.31733729384462356
2015_1138_1157,0.70086391355449529
2015_1138_1172,0.1714811673687468
2015_1138_1173,0.26457094022182004
2015_1138_1181,0.17255012628320021
2015_1138_1186,0.79703165277782329
2015_1138_1207,0.17151804368841453
2015_1138_1208,0.30906510397216014
2015_1138_1209,0.77864037154442278
2015_1138_1211,0.16615248306656721
2015_1138_1214,0.90222867342826063
2015_1138_1217,0.69815548365377011
2015_1138_1231,0.51996037426502839
2015_1138_1234,0.15591497036627117
2015_1138_1235,0.28201520803043328
2015_1138_1242,0.30495278031955336
2015_1138_1246,0.17634203743448051
2015_1138_1248,0.8278944251722351
2015_1138_1257,0.098293737110472443
2015_1138_1261,0.4047327103621059
2015_1138_1264,0.9645380457236814
2015_1138_1268,0.36474745742815556
2015_1138_1277,0.13943690058076932
2015_1138_1279,0.48384533074398622
2015_1138_1295,0.69305018830579757
2015_1138_1301,0.33483174484904166
2015_1138_1308,0.85978615769732758
2015_1138_1314,0.18994426036867279
2015_1138_1316,0.90255722558449636
2015_1138_1318,0.81865511576488226
2015_1138_1320,0.59134736455020098
2015_1138_1323,0.35393219874547505
2015_1138_1326,0.15569970843477954
2015_1138_1328,0.2272106225327844
2015_1138_1329,0.14153092375989992
2015_1138_1332,0.23819268301011595
2015_1138_1344,0.10457219217137813
2015_1138_1345,0.15406625879115982
2015_1138_1352,0.87223868659171788
2015_1138_1361,0.13547015113292288
2015_1138_1372,0.57496917734731434
2015_1138_1374,0.97735504995912481
2015_1138_1385,0.21114735782642216
2015_1138_1400,0.21887772898848629
2015_1138_1411,0.82036970096452588
2015_1138_1412,0.6266318791454516
2015_1138_1414,0.8608490557259012
2015_1138_1417,0.24484668607467397
2015_1138_1428,0.17707953995313344
2015_1138_1433,0.10822491598601677
2015_1138_1434,0.38969695725613301
2015_1138_1437,0.18612712833370121
2015_1138_1438,0.18183511490032775
2015_1138_1452,0.33796462826183826
2015_1138_1455,0.18689074621867777
2015_1138_1458,0.17643303075063074
2015_1138_1459,0.78617632495399425
2015_1138_1461,0.80794725034632531
2015_1138_1462,0.12287349455883971
2015_1139_1140,0.64115313631250737
2015_1139_1153,0.84301715071171146
2015_1139_1157,0.83376292535210395
2015_1139_1172,0.63359864294062995
2015_1139_1173,0.6565917120040492
2015_1139_1181,0.31993684392960142
2015_1139_1186,0.78569403879553146
2015_1139_1207,0.17636808068935936
2015_1139_1208,0.14884611267845493
2015_1139_1209,0.79667401081150646
2015_1139_1211,0.65513664652745973
2015_1139_1214,0.88493276099144746
2015_1139_1217,0.86593386184700516
2015_1139_1231,0.6892774430884655
2015_1139_1234,0.25678956774011552
2015_1139_1235,0.68819842798731845
2015_1139_1242,0.19143951646588467
2015_1139_1246,0.14220671131249857
2015_1139_1248,0.9202261873125428
2015_1139_1257,0.077637526275585969
2015_1139_1261,0.54836513585483471
2015_1139_1264,0.91783301143031337
2015_1139_1268,0.62230482020483646
2015_1139_1277,0.097436659448024529
2015_1139_1279,0.82923002087078101
2015_1139_1295,0.86635130218574008
2015_1139_1301,0.54959486740798613
2015_1139_1308,0.80405949785827391
2015_1139_1314,0.19400332392959105
2015_1139_1316,0.87399175821277086
2015_1139_1318,0.83922468726052579
2015_1139_1320,0.76194523455503282
2015_1139_1323,0.28537883168663825
2015_1139_1326,0.44655714076561553
2015_1139_1328,0.37590662216799492
2015_1139_1329,0.27506883196151188
2015_1139_1332,0.27595870587260435
2015_1139_1344,0.19056137481057647
2015_1139_1345,0.6856975986414332
2015_1139_1352,0.85660323568449126
2015_1139_1361,0.74765327821175986
2015_1139_1372,0.72262749704341644
2015_1139_1374,0.93824019151780302
2015_1139_1385,0.82262765716726427
2015_1139_1400,0.26879712041258824
2015_1139_1411,0.71908516086948004
2015_1139_1412,0.79584233824196193
2015_1139_1414,0.86570845933982354
2015_1139_1417,0.51391727452336988
2015_1139_1428,0.44123091815204674
2015_1139_1433,0.39800415765797453
2015_1139_1434,0.84776771318143707
2015_1139_1437,0.17636777781527535
2015_1139_1438,0.27662793160261495
2015_1139_1452,0.263852342844837
2015_1139_1455,0.81428133539950465
2015_1139_1458,0.16232983359606576
2015_1139_1459,0.87838704987102412
2015_1139_1461,0.76517564648995406
2015_1139_1462,0.22644279953299937
2015_1140_1153,0.82722697471033113
2015_1140_1157,0.59265579940946833
2015_1140_1172,0.52362814106883182
2015_1140_1173,0.51294766528217628
2015_1140_1181,0.2508034433887969
2015_1140_1186,0.79816861917126014
2015_1140_1207,0.35499296182846174
2015_1140_1208,0.48065012982411259
2015_1140_1209,0.8280149242564665
2015_1140_1211,0.57835399366070417
2015_1140_1214,0.8391779111699329
2015_1140_1217,0.79737780725069007
2015_1140_1231,0.68252356399730141
2015_1140_1234,0.26874371040143091
2015_1140_1235,0.34147164760667331
2015_1140_1242,0.39439432241975736
2015_1140_1246,0.25077971916147884
2015_1140_1248,0.81690457870318611
2015_1140_1257,0.2126923656440699
2015_1140_1261,0.68805821300511216
2015_1140_1264,0.93440014684270767
2015_1140_1268,0.89099813084981461
2015_1140_1277,0.30860826217377268
2015_1140_1279,0.72169599370664983
2015_1140_1295,0.52152388029721608
2015_1140_1301,0.44932599841692777
2015_1140_1308,0.81231857580514133
2015_1140_1314,0.26718709643792576
2015_1140_1316,0.7838872859129542
2015_1140_1318,0.8141963853001396
2015_1140_1320,0.8283555501433012
2015_1140_1323,0.4519178961829961
2015_1140_1326,0.288940783846937
2015_1140_1328,0.30451712765663325
2015_1140_1329,0.2562571367013311
2015_1140_1332,0.60583065590426055
2015_1140_1344,0.26208448346020052
2015_1140_1345,0.1763894602979155
2015_1140_1352,0.82187904884122776
2015_1140_1361,0.5201652658105943
2015_1140_1372,0.64215001031349572
2015_1140_1374,0.94067331906474927
2015_1140_1385,0.33827941782550935
2015_1140_1400,0.29556650133868811
2015_1140_1411,0.74163149755261004
2015_1140_1412,0.94359041218119022
2015_1140_1414,0.81248200571550944
2015_1140_1417,0.40253510012340599
2015_1140_1428,0.17637939379015946
2015_1140_1433,0.27262161621060577
2015_1140_1434,0.82110188240626036
2015_1140_1437,0.20775740225445202
2015_1140_1438,0.17755812082893957
2015_1140_1452,0.44281365157857311
2015_1140_1455,0.51278845409882212
2015_1140_1458,0.2704712622333823
2015_1140_1459,0.69066152649925461
2015_1140_1461,0.83481507921274034
2015_1140_1462,0.38120690034574378
2015_1153_1157,0.68787418330694527
2015_1153_1172,0.31095260648058026
2015_1153_1173,0.32011770502215153
2015_1153_1181,0.093837348529467637
2015_1153_1186,0.76737009826093316
2015_1153_1207,0.095898392122578002
2015_1153_1208,0.18810922142685318
2015_1153_1209,0.61224194190814851
2015_1153_1211,0.48826873893819633
2015_1153_1214,0.78798698029816228
2015_1153_1217,0.81226998243063897
2015_1153_1231,0.26402200670224635
2015_1153_1234,0.14426998188849569
2015_1153_1235,0.33783789606236547
2015_1153_1242,0.20799624296056679
2015_1153_1246,0.22155340113314678
2015_1153_1248,0.80417648588332302
2015_1153_1257,0.074936426960155164
2015_1153_1261,0.20324519985774189
2015_1153_1264,0.78645062574497893
2015_1153_1268,0.13753311363679516
2015_1153_1277,0.23969131735693741
2015_1153_1279,0.17635635580582321
2015_1153_1295,0.98078429483840235
2015_1153_1301,0.45780060985727056
2015_1153_1308,0.79176795687651746
2015_1153_1314,0.13850298966243632
2015_1153_1316,0.68427040747575418
2015_1153_1318,0.62368894280116416
2015_1153_1320,0.55630777720933211
2015_1153_1323,0.20639447458677568
2015_1153_1326,0.13392742756674403
2015_1153_1328,0.20115374919655898
2015_1153_1329,0.106563457768706
2015_1153_1332,0.20566678068637298
2015_1153_1344,0.10278765510901974
2015_1153_1345,0.083774482799430658
2015_1153_1352,0.6813950928564827
2015_1153_1361,0.45615540236019975
2015_1153_1372,0.56049740976811013
2015_1153_1374,0.86310596686270113
2015_1153_1385,0.14580294168430627
2015_1153_1400,0.289775917567966
2015_1153_1411,0.80046148748173707
2015_1153_1412,0.63593282942715068
2015_1153_1414,0.89817262553562915
2015_1153_1417,0.2281995653416227
2015_1153_1428,0.35985026525522512
2015_1153_1433,0.17541739936979739
2015_1153_1434,0.62147411040685718
2015_1153_1437,0.11291173608597704
2015_1153_1438,0.16001100818016786
2015_1153_1452,0.30637681496949459
2015_1153_1455,0.25044108130855908
2015_1153_1458,0.2234433130309241
2015_1153_1459,0.61130172634631896
2015_1153_1461,0.61402674408732416
2015_1153_1462,0.048449651098712236
2015_1157_1172,0.39713472099232228
2015_1157_1173,0.315290033539879
2015_1157_1181,0.22939227124394593
2015_1157_1186,0.58812407006190082
2015_1157_1207,0.27193509076086864
2015_1157_1208,0.17318179979375115
2015_1157_1209,0.39435104149391992
2015_1157_1211,0.30355495759991785
2015_1157_1214,0.61472964428564514
2015_1157_1217,0.25051294614675168
2015_1157_1231,0.0086892455628810369
2015_1157_1234,0.21060560279476659
2015_1157_1235,0.38254621741482481
2015_1157_1242,0.37822303557304815
2015_1157_1246,0.3491959602901033
2015_1157_1248,0.87513365393032527
2015_1157_1257,0.28438167084617116
2015_1157_1261,0.31361688668733362
2015_1157_1264,0.76592578271049261
2015_1157_1268,0.19222818172959502
2015_1157_1277,0.23623604744851687
2015_1157_1279,0.1763453554071078
2015_1157_1295,0.43250850844437083
2015_1157_1301,0.28293519856028543
2015_1157_1308,0.40726203189634502
2015_1157_1314,0.28251847073212921
2015_1157_1316,0.40085834191483311
2015_1157_1318,0.52524029801399275
2015_1157_1320,0.30908455325858092
2015_1157_1323,0.31763513532793697
2015_1157_1326,0.276369822821456
2015_1157_1328,0.28595048389006483
2015_1157_1329,0.26432839369557404
2015_1157_1332,0.30066420168039804
2015_1157_1344,0.169272947705116
2015_1157_1345,0.41701111162478627
2015_1157_1352,0.85296495306191311
2015_1157_1361,0.26296050872894294
2015_1157_1372,0.46062119151854969
2015_1157_1374,0.64711089261360077
2015_1157_1385,0.28445464041280388
2015_1157_1400,0.31632622307262598
2015_1157_1411,0.66209329508780512
2015_1157_1412,0.44026699948209264
2015_1157_1414,0.52676556971756872
2015_1157_1417,0.17635943518858002
2015_1157_1428,0.27472673236267264
2015_1157_1433,0.24250586990403816
2015_1157_1434,0.24133419741621304
2015_1157_1437,0.17076942488917804
2015_1157_1438,0.34294276290666603
2015_1157_1452,0.39675865612416344
2015_1157_1455,0.34647649968988742
2015_1157_1458,0.41125281897542088
2015_1157_1459,0.45322520377896008
2015_1157_1461,0.43720150525183876
2015_1157_1462,0.1446442810470214
2015_1172_1173,0.65599649020538509
2015_1172_1181,0.14529852113402042
2015_1172_1186,0.65871638394238563
2015_1172_1207,0.20691628878237597
2015_1172_1208,0.40596972117334118
2015_1172_1209,0.80080892466402764
2015_1172_1211,0.48796113488730536
2015_1172_1214,0.84226867816169659
2015_1172_1217,0.82729050976524288
2015_1172_1231,0.31049581730676984
2015_1172_1234,0.20137974163639139
2015_1172_1235,0.27026456653670622
2015_1172_1242,0.33412891306266324
2015_1172_1246,0.23278818215959945
2015_1172_1248,0.76325516204356569
2015_1172_1257,0.20201329485199421
2015_1172_1261,0.35151743668575963
2015_1172_1264,0.89761236477167206
2015_1172_1268,0.39678374655288245
2015_1172_1277,0.33512621248175817
2015_1172_1279,0.42400797357097664
2015_1172_1295,0.41596748889270968
2015_1172_1301,0.28401421494448448
2015_1172_1308,0.84651740779562801
2015_1172_1314,0.17625171047685237
2015_1172_1316,0.65798086375466314
2015_1172_1318,0.80449439767907915
2015_1172_1320,0.8538609007658432
2015_1172_1323,0.2412336525446076
2015_1172_1326,0.24205453835745985
2015_1172_1328,0.2484984767622655
2015_1172_1329,0.20258113456925594
2015_1172_1332,0.26941138250553726
2015_1172_1344,0.28327529279200087
2015_1172_1345,0.22775864626988473
2015_1172_1352,0.81533450102266403
2015_1172_1361,0.55133371158707811
2015_1172_1372,0.5878371254773278
2015_1172_1374,0.93991787810916794
2015_1172_1385,0.22550204487520203
2015_1172_1400,0.26388863206898594
2015_1172_1411,0.76932509428369333
2015_1172_1412,0.89323012617992181
2015_1172_1414,0.91108238390256857
2015_1172_1417,0.3643175079369016
2015_1172_1428,0.39828598865404041
2015_1172_1433,0.17642497811236516
2015_1172_1434,0.90183539264073165
2015_1172_1437,0.20600213992419333
2015_1172_1438,0.17631408235759144
2015_1172_1452,0.32299651873372276
2015_1172_1455,0.69533960438864206
2015_1172_1458,0.2108766710964223
2015_1172_1459,0.59134653061521325
2015_1172_1461,0.72914755810717424
2015_1172_1462,0.18758741504341439
2015_1173_1181,0.35124428540646169
2015_1173_1186,0.70161788417816329
2015_1173_1207,0.24846359770255386
2015_1173_1208,0.5389381041772523
2015_1173_1209,0.72187328415220442
2015_1173_1211,0.46953025414462257
2015_1173_1214,0.79643009475261695
2015_1173_1217,0.71485953619719245
2015_1173_1231,0.54667378948165357
2015_1173_1234,0.26420012119879288
2015_1173_1235,0.30552107181059351
2015_1173_1242,0.34124467290099569
2015_1173_1246,0.28603227690241839
2015_1173_1248,0.75049539536729593
2015_1173_1257,0.17639081643639706
2015_1173_1261,0.47712517549677019
2015_1173_1264,0.82266965362531286
2015_1173_1268,0.4664551686475496
2015_1173_1277,0.4351863286164393
2015_1173_1279,0.57574515498021139
2015_1173_1295,0.46536406804789165
2015_1173_1301,0.39990050113656056
2015_1173_1308,0.8381827767582255
2015_1173_1314,0.26602850264107458
2015_1173_1316,0.73265122974703234
2015_1173_1318,0.61145129913836782
2015_1173_1320,0.71600200391230973
2015_1173_1323,0.52275766267234836
2015_1173_1326,0.28820698664965466
2015_1173_1328,0.29634353814678555
2015_1173_1329,0.20000737743382521
2015_1173_1332,0.37650394056689684
2015_1173_1344,0.29930170118600447
2015_1173_1345,0.27075513578682392
2015_1173_1352,0.76285017450684078
2015_1173_1361,0.65789781986515206
2015_1173_1372,0.63337176255543193
2015_1173_1374,0.80830722003715694
2015_1173_1385,0.36160648076670837
2015_1173_1400,0.33578428241444486
2015_1173_1411,0.74539928020192681
2015_1173_1412,0.79189085676311
2015_1173_1414,0.71876422185310107
2015_1173_1417,0.39452135766653734
2015_1173_1428,0.37890826553483781
2015_1173_1433,0.35388420510962393
2015_1173_1434,0.60381962791499733
2015_1173_1437,0.26036281091191643
2015_1173_1438,0.25234613332984268
2015_1173_1452,0.37035620049045387
2015_1173_1455,0.6456738488288164
2015_1173_1458,0.24402898702286596
2015_1173_1459,0.61119491666266623
2015_1173_1461,0.53746515566733233
2015_1173_1462,0.29708541106103642
2015_1181_1186,0.70961688551960422
2015_1181_1207,0.78006390988818319
2015_1181_1208,0.87334961598076033
2015_1181_1209,0.83114162777418776
2015_1181_1211,0.81402325276931775
2015_1181_1214,0.8008587186192746
2015_1181_1217,0.80996334475566156
2015_1181_1231,0.69111463458380895
2015_1181_1234,0.4660448252555458
2015_1181_1235,0.64483086189644734
2015_1181_1242,0.34124744332658835
2015_1181_1246,0.44163888466943219
2015_1181_1248,0.86349635013635206
2015_1181_1257,0.80859665698791239
2015_1181_1261,0.73634877948182942
2015_1181_1264,0.900602184700659
2015_1181_1268,0.72085537143664991
2015_1181_1277,0.82264224182367851
2015_1181_1279,0.9039533805019867
2015_1181_1295,0.81497831816668953
2015_1181_1301,0.75708004933476114
2015_1181_1308,0.76934609820133049
2015_1181_1314,0.8225041405581226
2015_1181_1316,0.81817010665764878
2015_1181_1318,0.83185449262268107
2015_1181_1320,0.82898648163246946
2015_1181_1323,0.17644243571141835
2015_1181_1326,0.67235139067883842
2015_1181_1328,0.710327488915943
2015_1181_1329,0.7841747402060647
2015_1181_1332,0.86947068205394529
2015_1181_1344,0.76108444273727593
2015_1181_1345,0.68933179679655399
2015_1181_1352,0.82762703984426211
2015_1181_1361,0.78920701269094073
2015_1181_1372,0.68296697000513917
2015_1181_1374,0.92255314326296445
2015_1181_1385,0.78275861823725046
2015_1181_1400,0.60643569792708418
2015_1181_1411,0.7690976540707537
2015_1181_1412,0.89181901447172041
2015_1181_1414,0.79710637434387643
2015_1181_1417,0.67621340439119537
2015_1181_1428,0.60493194790338012
2015_1181_1433,0.66775752897831908
2015_1181_1434,0.81829141861908983
2015_1181_1437,0.34018752015491399
2015_1181_1438,0.78572939981636714
2015_1181_1452,0.7188534641406612
2015_1181_1455,0.75230930090671366
2015_1181_1458,0.25226863620391754
2015_1181_1459,0.83669324502211317
2015_1181_1461,0.82368614367736526
2015_1181_1462,0.87522571108876435
2015_1186_1207,0.21373873968054655
2015_1186_1208,0.13090111485389463
2015_1186_1209,0.26290967607302607
2015_1186_1211,0.19294787031253469
2015_1186_1214,0.60588581164436539
2015_1186_1217,0.26035957821678535
2015_1186_1231,0.20133642156768194
2015_1186_1234,0.16783167172361424
2015_1186_1235,0.38576156964620656
2015_1186_1242,0.31734383610539091
2015_1186_1246,0.29094578158780521
2015_1186_1248,0.67601816661564385
2015_1186_1257,0.25088305167583674
2015_1186_1261,0.20351648798602945
2015_1186_1264,0.53554577247172308
2015_1186_1268,0.21725114667975709
2015_1186_1277,0.17620531583231286
2015_1186_1279,0.21716514098722187
2015_1186_1295,0.38200380558152475
2015_1186_1301,0.2474108229235934
2015_1186_1308,0.20673866006677519
2015_1186_1314,0.27980269816886771
2015_1186_1316,0.38185014099233516
2015_1186_1318,0.56457239716045504
2015_1186_1320,0.25809367134818195
2015_1186_1323,0.23734173660173397
2015_1186_1326,0.1762976712353751
2015_1186_1328,0.27401996205341955
2015_1186_1329,0.22315600693191887
2015_1186_1332,0.15882756572656948
2015_1186_1344,0.12339287057772806
2015_1186_1345,0.27255880123913262
2015_1186_1352,0.58069492129401501
2015_1186_1361,0.1702398386183975
2015_1186_1372,0.28267524035139441
2015_1186_1374,0.4929476374552339
2015_1186_1385,0.30708200696658028
2015_1186_1400,0.27396072845278363
2015_1186_1411,0.77567008542035132
2015_1186_1412,0.1893658478243094
2015_1186_1414,0.54932478621994441
2015_1186_1417,0.28273979159768609
2015_1186_1428,0.2830609784507187
2015_1186_1433,0.18479037756829012
2015_1186_1434,0.17055554402323761
2015_1186_1437,0.17770022152399431
2015_1186_1438,0.35179046971748662
2015_1186_1452,0.31455388830948977
2015_1186_1455,0.36684679800079051
2015_1186_1458,0.40514395796210889
2015_1186_1459,0.13868297188686157
2015_1186_1461,0.28620309397058036
2015_1186_1462,0.076352473065332646
2015_1207_1208,0.2582507508722921
2015_1207_1209,0.75164710107100308
2015_1207_1211,0.82986802433063167
2015_1207_1214,0.80300301101139515
2015_1207_1217,0.77551255892857307
2015_1207_1231,0.82261112200015329
2015_1207_1234,0.41335470852931744
2015_1207_1235,0.44182848602208086
2015_1207_1242,0.1763352338681487
2015_1207_1246,0.22258709181115968
2015_1207_1248,0.83587471165671012
2015_1207_1257,0.34036431407153034
2015_1207_1261,0.36352784277177536
2015_1207_1264,0.80721644179166141
2015_1207_1268,0.36796848727410331
2015_1207_1277,0.28922698273315151
2015_1207_1279,0.62177902959759979
2015_1207_1295,0.76869961882869764
2015_1207_1301,0.62841360251389966
2015_1207_1308,0.72689930929338942
2015_1207_1314,0.32270803100611795
2015_1207_1316,0.7794667716917707
2015_1207_1318,0.66378304749069328
2015_1207_1320,0.79794023326413188
2015_1207_1323,0.42067436070950942
2015_1207_1326,0.50551869246535186
2015_1207_1328,0.25904180081176026
2015_1207_1329,0.66527984428397824
2015_1207_1332,0.23306325479542192
2015_1207_1344,0.176298477012967
2015_1207_1345,0.57606487424744479
2015_1207_1352,0.822804494496162
2015_1207_1361,0.83328363305248754
2015_1207_1372,0.7110865752379939
2015_1207_1374,0.84201123204154626
2015_1207_1385,0.36032398997461229
2015_1207_1400,0.67847527921972239
2015_1207_1411,0.67065313710844887
2015_1207_1412,0.78094964620058127
2015_1207_1414,0.81670255312360529
2015_1207_1417,0.53355198954298821
2015_1207_1428,0.45197799803352434
2015_1207_1433,0.4519651454004559
2015_1207_1434,0.79055737236455437
2015_1207_1437,0.39510893608141123
2015_1207_1438,0.33042599107379655
2015_1207_1452,0.37514209363117518
2015_1207_1455,0.78429007927190986
2015_1207_1458,0.17633723566215329
2015_1207_1459,0.77404721955170319
2015_1207_1461,0.76565500794306063
2015_1207_1462,0.17644130106146647
2015_1208_1209,0.70799400578446547
2015_1208_1211,0.54428732667648572
2015_1208_1214,0.88086831848751901
2015_1208_1217,0.81253464462138558
2015_1208_1231,0.72765818243748592
2015_1208_1234,0.40079518485764004
2015_1208_1235,0.53969284804185924
2015_1208_1242,0.1992498710537414
2015_1208_1246,0.17113400717663829
2015_1208_1248,0.88882144461896573
2015_1208_1257,0.25868776887299849
2015_1208_1261,0.43839633543185319
2015_1208_1264,0.86451769396249056
2015_1208_1268,0.73031769987990058
2015_1208_1277,0.24280478340274891
2015_1208_1279,0.87049995440399597
2015_1208_1295,0.86472672759433267
2015_1208_1301,0.6717492383608884
2015_1208_1308,0.81387204936816671
2015_1208_1314,0.35069465200424249
2015_1208_1316,0.88189840584930079
2015_1208_1318,0.72119522579918049
2015_1208_1320,0.53882557582297219
2015_1208_1323,0.2589815223312138
2015_1208_1326,0.62730230816519772
2015_1208_1328,0.30318509759112311
2015_1208_1329,0.52076280243349748
2015_1208_1332,0.44414670070375334
2015_1208_1344,0.30423781753089185
2015_1208_1345,0.49424788728587554
2015_1208_1352,0.82351087486653352
2015_1208_1361,0.69003547694808842
2015_1208_1372,0.72755183377460197
2015_1208_1374,0.91221221735649172
2015_1208_1385,0.63037100505775856
2015_1208_1400,0.61110135610145722
2015_1208_1411,0.68214630291923462
2015_1208_1412,0.68821509792186641
2015_1208_1414,0.79888501860126515
2015_1208_1417,0.6614134178844463
2015_1208_1428,0.46109552158136252
2015_1208_1433,0.37927692785070616
2015_1208_1434,0.80076614964165649
2015_1208_1437,0.2115697420736983
2015_1208_1438,0.28323220031834573
2015_1208_1452,0.40419300333060482
2015_1208_1455,0.75638496056647075
2015_1208_1458,0.26380055266434566
2015_1208_1459,0.84453050571075805
2015_1208_1461,0.62014027513579428
2015_1208_1462,0.41385710084858646
2015_1209_1211,0.53366858336902134
2015_1209_1214,0.71092470936003471
2015_1209_1217,0.59834272607949646
2015_1209_1231,0.1999818843848622
2015_1209_1234,0.15629321453672904
2015_1209_1235,0.17634489491498723
2015_1209_1242,0.28664603630110336
2015_1209_1246,0.23015586239981328
2015_1209_1248,0.75394930140587824
2015_1209_1257,0.23289998510476775
2015_1209_1261,0.34524907964218893
2015_1209_1264,0.8777979243058649
2015_1209_1268,0.23999909032877781
2015_1209_1277,0.13628369145849625
2015_1209_1279,0.23132013769178458
2015_1209_1295,0.44722943968087364
2015_1209_1301,0.19134536828378776
2015_1209_1308,0.46283008934152109
2015_1209_1314,0.2066053944390947
2015_1209_1316,0.40936293649837407
2015_1209_1318,0.62827637588134477
2015_1209_1320,0.68029045427142154
2015_1209_1323,0.18194453870603558
2015_1209_1326,0.19985068701530967
2015_1209_1328,0.22486336675260246
2015_1209_1329,0.17004817683646928
2015_1209_1332,0.23230536798378185
2015_1209_1344,0.19600566618893317
2015_1209_1345,0.22775384172911853
2015_1209_1352,0.89027760079484664
2015_1209_1361,0.33734899670598922
2015_1209_1372,0.37937803171413836
2015_1209_1374,0.86341437420368439
2015_1209_1385,0.23040804401862622
2015_1209_1400,0.21288204819841583
2015_1209_1411,0.76728112844659113
2015_1209_1412,0.4886477421659135
2015_1209_1414,0.89428110954697826
2015_1209_1417,0.23301877126928419
2015_1209_1428,0.27817584185189359
2015_1209_1433,0.22139511617882174
2015_1209_1434,0.30719422507706107
2015_1209_1437,0.15959895859070233
2015_1209_1438,0.2053127767541118
2015_1209_1452,0.22788718099754432
2015_1209_1455,0.33337649911745271
2015_1209_1458,0.26137476723823166
2015_1209_1459,0.43682320694256005
2015_1209_1461,0.77807911018314679
2015_1209_1462,0.098915084148095869
2015_1211_1214,0.8901557072988221
2015_1211_1217,0.69850171276335926
2015_1211_1231,0.47680070358917603
2015_1211_1234,0.23313830402167757
2015_1211_1235,0.25172523505689548
2015_1211_1242,0.28632970178121037
2015_1211_1246,0.20251432986969028
2015_1211_1248,0.82364026923836975
2015_1211_1257,0.12544341709972062
2015_1211_1261,0.44845595335068789
2015_1211_1264,0.87431177623370315
2015_1211_1268,0.33483166389656571
2015_1211_1277,0.33539911365149089
2015_1211_1279,0.53145426586677702
2015_1211_1295,0.40990519125981312
2015_1211_1301,0.33590446576684835
2015_1211_1308,0.87889374689199995
2015_1211_1314,0.17817475731054108
2015_1211_1316,0.76740958980739593
2015_1211_1318,0.72463068143126852
2015_1211_1320,0.78411263105818474
2015_1211_1323,0.35324110636985856
2015_1211_1326,0.229665916869845
2015_1211_1328,0.21647524572328
2015_1211_1329,0.13291600512740592
2015_1211_1332,0.49266867885112248
2015_1211_1344,0.15957571411169064
2015_1211_1345,0.1801436930621817
2015_1211_1352,0.73877970541355009
2015_1211_1361,0.71037875048980359
2015_1211_1372,0.63773589572891864
2015_1211_1374,0.85605862693926693
2015_1211_1385,0.252403894116981
2015_1211_1400,0.24371433948795801
2015_1211_1411,0.84608149848665237
2015_1211_1412,0.77055749383067262
2015_1211_1414,0.80565410632176382
2015_1211_1417,0.47164474887146152
2015_1211_1428,0.31708174274996603
2015_1211_1433,0.33389644638107602
2015_1211_1434,0.64072806062420906
2015_1211_1437,0.17279334253553666
2015_1211_1438,0.15227809853616853
2015_1211_1452,0.32754779156802999
2015_1211_1455,0.6218611794859723
2015_1211_1458,0.16658966285206969
2015_1211_1459,0.59072716031487671
2015_1211_1461,0.68699625016767518
2015_1211_1462,0.16683157215201314
2015_1214_1217,0.16149412965499926
2015_1214_1231,0.17327369811566959
2015_1214_1234,0.15237901810366597
2015_1214_1235,0.34991957818127556
2015_1214_1242,0.35748919130776285
2015_1214_1246,0.37368376250124552
2015_1214_1248,0.69252929707783051
2015_1214_1257,0.21323776312202483
2015_1214_1261,0.194627102912005
2015_1214_1264,0.42010557660478998
2015_1214_1268,0.17076941066235007
2015_1214_1277,0.14288773689232281
2015_1214_1279,0.10164056367366003
2015_1214_1295,0.20547605304594516
2015_1214_1301,0.204092647182295
2015_1214_1308,0.22915091731221199
2015_1214_1314,0.26227081974739747
2015_1214_1316,0.17064946693798069
2015_1214_1318,0.20768053347294235
2015_1214_1320,0.10962099768419828
2015_1214_1323,0.20702377636414121
2015_1214_1326,0.13738668472435825
2015_1214_1328,0.29366825864845958
2015_1214_1329,0.20540401193606861
2015_1214_1332,0.14943790148212716
2015_1214_1344,0.095760836229576499
2015_1214_1345,0.26774074415446358
2015_1214_1352,0.42738183515053541
2015_1214_1361,0.094708049893738877
2015_1214_1372,0.23625312281089378
2015_1214_1374,0.19732026679793219
2015_1214_1385,0.20856255271539728
2015_1214_1400,0.29046356210651564
2015_1214_1411,0.40218569599306642
2015_1214_1412,0.10444089987923098
2015_1214_1414,0.29458994819581102
2015_1214_1417,0.1938812682118666
2015_1214_1428,0.21710403065768685
2015_1214_1433,0.15860002975995582
2015_1214_1434,0.090529119289911031
2015_1214_1437,0.15329090439913373
2015_1214_1438,0.36434913975157585
2015_1214_1452,0.38892272665643968
2015_1214_1455,0.19816269279553531
2015_1214_1458,0.41159816463685439
2015_1214_1459,0.1723791759662669
2015_1214_1461,0.16260792473757629
2015_1214_1462,0.055033754434592082
2015_1217_1231,0.2417539051751697
2015_1217_1234,0.23813407529300598
2015_1217_1235,0.30291773033543351
2015_1217_1242,0.29615288245020327
2015_1217_1246,0.27282697367218056
2015_1217_1248,0.84320932933645609
2015_1217_1257,0.22248828463712197
2015_1217_1261,0.39775700423158905
2015_1217_1264,0.87754723152193759
2015_1217_1268,0.29308128255259808
2015_1217_1277,0.16835638083205653
2015_1217_1279,0.22914788787413437
2015_1217_1295,0.55868039951787007
2015_1217_1301,0.22087430142649198
2015_1217_1308,0.68726779368811286
2015_1217_1314,0.25107636467335986
2015_1217_1316,0.70113026919759025
2015_1217_1318,0.78982263463660063
2015_1217_1320,0.51820603053325598
2015_1217_1323,0.25084299757881223
2015_1217_1326,0.2636984174529915
2015_1217_1328,0.29804752886795144
2015_1217_1329,0.1821640270176432
2015_1217_1332,0.22323903892942126
2015_1217_1344,0.16848784266079492
2015_1217_1345,0.19216115367123141
2015_1217_1352,0.84681652964158205
2015_1217_1361,0.19702753848873147
2015_1217_1372,0.50543303399131301
2015_1217_1374,0.89141408599964989
2015_1217_1385,0.2616578772178404
2015_1217_1400,0.22035485775641123
2015_1217_1411,0.79200882445463161
2015_1217_1412,0.6881996791411944
2015_1217_1414,0.82486990478503397
2015_1217_1417,0.30108770816122504
2015_1217_1428,0.32812716948156256
2015_1217_1433,0.22205547829017247
2015_1217_1434,0.4417971366509687
2015_1217_1437,0.21725847236893353
2015_1217_1438,0.17630251531627181
2015_1217_1452,0.28428731160666493
2015_1217_1455,0.22914537084454767
2015_1217_1458,0.24953568791365127
2015_1217_1459,0.59923355979572046
2015_1217_1461,0.69447834600245406
2015_1217_1462,0.12316579205537911
2015_1231_1234,0.17630688545329412
2015_1231_1235,0.35797782004695117
2015_1231_1242,0.23799638388669828
2015_1231_1246,0.18180505991294182
2015_1231_1248,0.82976442936373518
2015_1231_1257,0.17634404408205726
2015_1231_1261,0.4925158102637705
2015_1231_1264,0.8579515301180769
2015_1231_1268,0.17642212414993208
2015_1231_1277,0.17638845953781357
2015_1231_1279,0.34813926325979072
2015_1231_1295,0.72534217567646264
2015_1231_1301,0.30218315423089764
2015_1231_1308,0.64842456235260504
2015_1231_1314,0.34735040497556391
2015_1231_1316,0.67933415092463234
2015_1231_1318,0.74787779641639007
2015_1231_1320,0.72799174316144377
2015_1231_1323,0.30841862124688368
2015_1231_1326,0.48166807014979018
2015_1231_1328,0.19990066341355778
2015_1231_1329,0.19064305531974041
2015_1231_1332,0.38181813784613988
2015_1231_1344,0.28983511233609166
2015_1231_1345,0.17636335064479197
2015_1231_1352,0.75250491582100076
2015_1231_1361,0.60130278552456751
2015_1231_1372,0.66179900196270303
2015_1231_1374,0.85844303212566797
2015_1231_1385,0.49037470610182082
2015_1231_1400,0.32158025755568936
2015_1231_1411,0.82267931854976417
2015_1231_1412,0.67154057117928945
2015_1231_1414,0.73883650349704577
2015_1231_1417,0.26551805524388916
2015_1231_1428,0.44828155640121425
2015_1231_1433,0.31999939983210529
2015_1231_1434,0.6058201151382252
2015_1231_1437,0.17903396016608258
2015_1231_1438,0.17041135836782284
2015_1231_1452,0.16419531915305186
2015_1231_1455,0.65963215696212452
2015_1231_1458,0.17643610507708493
2015_1231_1459,0.65099137122336459
2015_1231_1461,0.80753596270050465
2015_1231_1462,0.25513407267741783
2015_1234_1235,0.53015488229413132
2015_1234_1242,0.26536239241937642
2015_1234_1246,0.17909179775432538
2015_1234_1248,0.90597697368548502
2015_1234_1257,0.48283003954717352
2015_1234_1261,0.6212591782130561
2015_1234_1264,0.86600408498090298
2015_1234_1268,0.71784521948319036
2015_1234_1277,0.27464461857306205
2015_1234_1279,0.90878372315599287
2015_1234_1295,0.84887921425095492
2015_1234_1301,0.84663774150907245
2015_1234_1308,0.79326496402581992
2015_1234_1314,0.38117860703161377
2015_1234_1316,0.84293140680427181
2015_1234_1318,0.77711805110523102
2015_1234_1320,0.42741051661013307
2015_1234_1323,0.44035127224834292
2015_1234_1326,0.82255483563352239
2015_1234_1328,0.3617172292246727
2015_1234_1329,0.52742876798921989
2015_1234_1332,0.80205100734706414
2015_1234_1344,0.6193558719392287
2015_1234_1345,0.39139615587339932
2015_1234_1352,0.87681256590498069
2015_1234_1361,0.56829657282981216
2015_1234_1372,0.72875443280369123
2015_1234_1374,0.89519397169603732
2015_1234_1385,0.81049017909164878
2015_1234_1400,0.53085561211695531
2015_1234_1411,0.76702176074116413
2015_1234_1412,0.80605016386509554
2015_1234_1414,0.74514571725503709
2015_1234_1417,0.71178839981429287
2015_1234_1428,0.49171573352120185
2015_1234_1433,0.39248115606631417
2015_1234_1434,0.86992059157338353
2015_1234_1437,0.4383323907970661
2015_1234_1438,0.28954235092023828
2015_1234_1452,0.43534170597486826
2015_1234_1455,0.67996490507606877
2015_1234_1458,0.17626289262310346
2015_1234_1459,0.82541138299261718
2015_1234_1461,0.56836133708382486
2015_1234_1462,0.78251332191006429
2015_1235_1242,0.82255252269726487
2015_1235_1246,0.51750031503581884
2015_1235_1248,0.68379800940591495
2015_1235_1257,0.77111197880165483
2015_1235_1261,0.57574182519597472
2015_1235_1264,0.77830081992169986
2015_1235_1268,0.28270657879254818
2015_1235_1277,0.76934931029243825
2015_1235_1279,0.62609032267673737
2015_1235_1295,0.62165609950361933
2015_1235_1301,0.74271833359759531
2015_1235_1308,0.59816235045974686
2015_1235_1314,0.77345804356145653
2015_1235_1316,0.64763360663210001
2015_1235_1318,0.72000536387480074
2015_1235_1320,0.79931404514227722
2015_1235_1323,0.55592661408455513
2015_1235_1326,0.73747850968673223
2015_1235_1328,0.82258221739899473
2015_1235_1329,0.82253321045962136
2015_1235_1332,0.71926187996648783
2015_1235_1344,0.71012370658618973
2015_1235_1345,0.69548303314658877
2015_1235_1352,0.69069215489207803
2015_1235_1361,0.76348506919796877
2015_1235_1372,0.64057345857536052
2015_1235_1374,0.75933073140993557
2015_1235_1385,0.51690186794227255
2015_1235_1400,0.82258913727494531
2015_1235_1411,0.62983887374877345
2015_1235_1412,0.75481818862407568
2015_1235_1414,0.74329116009735074
2015_1235_1417,0.65196570503996354
2015_1235_1428,0.58881705435487264
2015_1235_1433,0.65554019691126986
2015_1235_1434,0.67393625158594761
2015_1235_1437,0.55804972716872281
2015_1235_1438,0.34283469439434328
2015_1235_1452,0.82263715470918075
2015_1235_1455,0.68617667766549428
2015_1235_1458,0.40219084615169187
2015_1235_1459,0.61957324812228753
2015_1235_1461,0.77465547322386907
2015_1235_1462,0.80563903717164576
2015_1242_1246,0.17633988649821936
2015_1242_1248,0.69130675381424989
2015_1242_1257,0.61517868526396446
2015_1242_1261,0.6554088430941456
2015_1242_1264,0.73141400381390209
2015_1242_1268,0.74393374118510036
2015_1242_1277,0.82261674945426289
2015_1242_1279,0.79529221161447694
2015_1242_1295,0.69411603810723477
2015_1242_1301,0.79325244294625319
2015_1242_1308,0.6242999933871588
2015_1242_1314,0.64683138014608121
2015_1242_1316,0.66115848735556826
2015_1242_1318,0.77755586269530208
2015_1242_1320,0.75425105549642046
2015_1242_1323,0.58306911260966154
2015_1242_1326,0.83414829501412535
2015_1242_1328,0.54626197120826558
2015_1242_1329,0.81301681658618508
2015_1242_1332,0.71720196024197846
2015_1242_1344,0.77949984517940851
2015_1242_1345,0.68857831430853966
2015_1242_1352,0.70071441248799204
2015_1242_1361,0.66257988725979444
2015_1242_1372,0.56114810872066057
2015_1242_1374,0.8015670342257375
2015_1242_1385,0.66415719113447824
2015_1242_1400,0.82260619164236282
2015_1242_1411,0.56477568688265833
2015_1242_1412,0.7371842092140144
2015_1242_1414,0.74530298411150242
2015_1242_1417,0.72416696334594832
2015_1242_1428,0.57440593365230797
2015_1242_1433,0.59038481789451269
2015_1242_1434,0.72908490363741307
2015_1242_1437,0.57310731737051657
2015_1242_1438,0.48731761659402445
2015_1242_1452,0.82260985890447247
2015_1242_1455,0.5604973002657726
2015_1242_1458,0.4596917787183229
2015_1242_1459,0.68883502962331034
2015_1242_1461,0.73161429602772832
2015_1242_1462,0.88119695626261041
2015_1246_1248,0.76593663439415427
2015_1246_1257,0.68678931511576635
2015_1246_1261,0.82259202784385566
2015_1246_1264,0.75214270003682171
2015_1246_1268,0.84307566105536791
2015_1246_1277,0.78293410626666304
2015_1246_1279,0.84881253945867441
2015_1246_1295,0.7234454509555367
2015_1246_1301,0.80926333626733737
2015_1246_1308,0.61200557527199551
2015_1246_1314,0.82258323723137849
2015_1246_1316,0.68234352802148668
2015_1246_1318,0.75659577029545699
2015_1246_1320,0.79760479721126876
2015_1246_1323,0.6840404601240847
2015_1246_1326,0.83274002502292177
2015_1246_1328,0.62889240070313246
2015_1246_1329,0.83657159273214854
2015_1246_1332,0.74073217935818669
2015_1246_1344,0.82258335081039624
2015_1246_1345,0.81607108703404108
2015_1246_1352,0.81312879004487526
2015_1246_1361,0.75090588809510728
2015_1246_1372,0.56856374352758376
2015_1246_1374,0.78138142351081252
2015_1246_1385,0.70919902509544663
2015_1246_1400,0.82257266061773149
2015_1246_1411,0.57351455423095876
2015_1246_1412,0.7673466782777949
2015_1246_1414,0.74662938780521015
2015_1246_1417,0.69245867155987695
2015_1246_1428,0.58796548237855073
2015_1246_1433,0.66315275973024435
2015_1246_1434,0.75787936216690321
2015_1246_1437,0.69531237695741732
2015_1246_1438,0.52021994996513576
2015_1246_1452,0.51882619225186777
2015_1246_1455,0.70933705605568176
2015_1246_1458,0.4929246498287696
2015_1246_1459,0.69389637203257981
2015_1246_1461,0.71784619308122299
2015_1246_1462,0.91355354327635385
2015_1248_1257,0.13161536660011036
2015_1248_1261,0.13282559044321379
2015_1248_1264,0.47460898090948789
2015_1248_1268,0.093445200003756695
2015_1248_1277,0.097967393000133088
2015_1248_1279,0.083181788331536111
2015_1248_1295,0.27011339175007076
2015_1248_1301,0.15385685686951522
2015_1248_1308,0.17159080845036731
2015_1248_1314,0.18978122549242157
2015_1248_1316,0.14942475463973789
2015_1248_1318,0.60074894671772505
2015_1248_1320,0.2483591704870457
2015_1248_1323,0.1157440354889787
2015_1248_1326,0.068561423073973671
2015_1248_1328,0.15351905416822381
2015_1248_1329,0.1122087904054245
2015_1248_1332,0.12187041510036373
2015_1248_1344,0.070525780585163816
2015_1248_1345,0.24806134999871834
2015_1248_1352,0.8225581999105217
2015_1248_1361,0.13158099677263366
2015_1248_1372,0.15674300906153085
2015_1248_1374,0.31268879764825325
2015_1248_1385,0.15384237962319819
2015_1248_1400,0.21600192690244327
2015_1248_1411,0.5324403490430919
2015_1248_1412,0.18125197595925827
2015_1248_1414,0.46764514481709879
2015_1248_1417,0.15117561695963241
2015_1248_1428,0.15819497512373729
2015_1248_1433,0.14210045365433366
2015_1248_1434,0.11009071991552988
2015_1248_1437,0.07551839071386969
2015_1248_1438,0.23606929635821022
2015_1248_1452,0.17639626885630919
2015_1248_1455,0.25067964039091434
2015_1248_1458,0.33444777378073948
2015_1248_1459,0.16085684914762222
2015_1248_1461,0.19175320563183362
2015_1248_1462,0.026529014222040573
2015_1257_1261,0.66553391686646535
2015_1257_1264,0.83020221559057494
2015_1257_1268,0.68281574856464611
2015_1257_1277,0.41080139972207647
2015_1257_1279,0.82446359197145014
2015_1257_1295,0.77034536873726145
2015_1257_1301,0.48237840493124146
2015_1257_1308,0.70123637716443321
2015_1257_1314,0.17633405131318353
2015_1257_1316,0.77608151504369205
2015_1257_1318,0.77311219501709472
2015_1257_1320,0.81689203297520907
2015_1257_1323,0.27278666888326275
2015_1257_1326,0.82260974924907759
2015_1257_1328,0.2627784301527587
2015_1257_1329,0.48194580653484603
2015_1257_1332,0.64791980408527794
2015_1257_1344,0.52962555856604632
2015_1257_1345,0.68491776368428725
2015_1257_1352,0.82810735205035346
2015_1257_1361,0.790014164604255
2015_1257_1372,0.65675505158409031
2015_1257_1374,0.84037606539590537
2015_1257_1385,0.4618598614883187
2015_1257_1400,0.43698010644664487
2015_1257_1411,0.67568050187336148
2015_1257_1412,0.81341533369759211
2015_1257_1414,0.82424189855890873
2015_1257_1417,0.72273537998968229
2015_1257_1428,0.5510090821003657
2015_1257_1433,0.55367951247625247
2015_1257_1434,0.80163061796191015
2015_1257_1437,0.40963076234696028
2015_1257_1438,0.73004079965145274
2015_1257_1452,0.48634040397964384
2015_1257_1455,0.70984452555621791
2015_1257_1458,0.41162862712251591
2015_1257_1459,0.76080067449259214
2015_1257_1461,0.72325970741919132
2015_1257_1462,0.77448588302198051
2015_1261_1264,0.86861949319899712
2015_1261_1268,0.2226550017119561
2015_1261_1277,0.37998966524209316
2015_1261_1279,0.70635338439952777
2015_1261_1295,0.73553024973980119
2015_1261_1301,0.48076003046635168
2015_1261_1308,0.69542741510149519
2015_1261_1314,0.23995748361887148
2015_1261_1316,0.79551466384467096
2015_1261_1318,0.80286077662440436
2015_1261_1320,0.61185487390608195
2015_1261_1323,0.12943778446356957
2015_1261_1326,0.18001009360678411
2015_1261_1328,0.26508759797579223
2015_1261_1329,0.39951522308042731
2015_1261_1332,0.24230486756499281
2015_1261_1344,0.36997195367113417
2015_1261_1345,0.40362807303910986
2015_1261_1352,0.77056450165330737
2015_1261_1361,0.2695351794826919
2015_1261_1372,0.6436603767352792
2015_1261_1374,0.85545733908413168
2015_1261_1385,0.27728558529896263
2015_1261_1400,0.4614307976569586
2015_1261_1411,0.74950003430975587
2015_1261_1412,0.82264490327256423
2015_1261_1414,0.6965359422967371
2015_1261_1417,0.24237533662417476
2015_1261_1428,0.24040148271613659
2015_1261_1433,0.18358203491496647
2015_1261_1434,0.56928160082862067
2015_1261_1437,0.12197424745280838
2015_1261_1438,0.30466139763367012
2015_1261_1452,0.77194906156293608
2015_1261_1455,0.36808184909240721
2015_1261_1458,0.37038161374184636
2015_1261_1459,0.74139135896962027
2015_1261_1461,0.71216666691831132
2015_1261_1462,0.16208635291082807
2015_1264_1268,0.1513260861505562
2015_1264_1277,0.10800839184734598
2015_1264_1279,0.16335049576454125
2015_1264_1295,0.13165254465739692
2015_1264_1301,0.20585765532147005
2015_1264_1308,0.21153540798410231
2015_1264_1314,0.18725353630066974
2015_1264_1316,0.20681455929791351
2015_1264_1318,0.18709479189354178
2015_1264_1320,0.10420610460459712
2015_1264_1323,0.13229064025124873
2015_1264_1326,0.1271097384841722
2015_1264_1328,0.20183654428551975
2015_1264_1329,0.13841214422058379
2015_1264_1332,0.15361900802642958
2015_1264_1344,0.11362565751444335
2015_1264_1345,0.23070915332760869
2015_1264_1352,0.31010517597408882
2015_1264_1361,0.059154321143700631
2015_1264_1372,0.12135112143912083
2015_1264_1374,0.26660457175021862
2015_1264_1385,0.17507722550237151
2015_1264_1400,0.22116906331125824
2015_1264_1411,0.54798085579662636
2015_1264_1412,0.062479714877510042
2015_1264_1414,0.27083769299783883
2015_1264_1417,0.19062975895026998
2015_1264_1428,0.21025343119395512
2015_1264_1433,0.086374315009133756
2015_1264_1434,0.035153281914417238
2015_1264_1437,0.10744601132942984
2015_1264_1438,0.25955197806970365
2015_1264_1452,0.24101988110075134
2015_1264_1455,0.16914133956146266
2015_1264_1458,0.28064465376832848
2015_1264_1459,0.085709287647057472
2015_1264_1461,0.20261401959230824
2015_1264_1462,0.057122414820954877
2015_1268_1277,0.33972462816781135
2015_1268_1279,0.88246014749245738
2015_1268_1295,0.81779919996435202
2015_1268_1301,0.64451226598825295
2015_1268_1308,0.76001354888063211
2015_1268_1314,0.36237289886514518
2015_1268_1316,0.79382401313875472
2015_1268_1318,0.79317342318374473
2015_1268_1320,0.72169473174277698
2015_1268_1323,0.17682589063156101
2015_1268_1326,0.34710253407420172
2015_1268_1328,0.28462197043289506
2015_1268_1329,0.69233943650645091
2015_1268_1332,0.67523133266814039
2015_1268_1344,0.42685624585898135
2015_1268_1345,0.40618053771437534
2015_1268_1352,0.79234258281580683
2015_1268_1361,0.65063307952426741
2015_1268_1372,0.70869130320545259
2015_1268_1374,0.87962033152528796
2015_1268_1385,0.73590581464247551
2015_1268_1400,0.55297910241043846
2015_1268_1411,0.77987826824230633
2015_1268_1412,0.8019828160608713
2015_1268_1414,0.74586883726653175
2015_1268_1417,0.47500327083663668
2015_1268_1428,0.21556202124601412
2015_1268_1433,0.4449767100008834
2015_1268_1434,0.79486118736031786
2015_1268_1437,0.15850080759149954
2015_1268_1438,0.3099314976570175
2015_1268_1452,0.52920586547744441
2015_1268_1455,0.67509256874932477
2015_1268_1458,0.44767268335623261
2015_1268_1459,0.79382759196375374
2015_1268_1461,0.78753698445392883
2015_1268_1462,0.48931099467865946
2015_1277_1279,0.89956924891519496
2015_1277_1295,0.84242571075700645
2015_1277_1301,0.83070753103268402
2015_1277_1308,0.79025568688988823
2015_1277_1314,0.65617639694137586
2015_1277_1316,0.83728711329913852
2015_1277_1318,0.79078117191555086
2015_1277_1320,0.79558209521537782
2015_1277_1323,0.32794512451460012
2015_1277_1326,0.82253731469706448
2015_1277_1328,0.43107148393572647
2015_1277_1329,0.85655759070588533
2015_1277_1332,0.53947081355365034
2015_1277_1344,0.70615070929920543
2015_1277_1345,0.82261696660769412
2015_1277_1352,0.87236410103581552
2015_1277_1361,0.82511828660689301
2015_1277_1372,0.72606160490826399
2015_1277_1374,0.93019904552142874
2015_1277_1385,0.76662910397582817
2015_1277_1400,0.77044119800059052
2015_1277_1411,0.26870594847427109
2015_1277_1412,0.85167407452659794
2015_1277_1414,0.85319888826322698
2015_1277_1417,0.67922888199924558
2015_1277_1428,0.58833779028190358
2015_1277_1433,0.54080756251129758
2015_1277_1434,0.90311451029755563
2015_1277_1437,0.38563059842746328
2015_1277_1438,0.34736538107953624
2015_1277_1452,0.35961890427296506
2015_1277_1455,0.8650314520503023
2015_1277_1458,0.17637723321317303
2015_1277_1459,0.86071573466354478
2015_1277_1461,0.75586292696425372
2015_1277_1462,0.69619505228356282
2015_1279_1295,0.6878104961833037
2015_1279_1301,0.38756478012646267
2015_1279_1308,0.7300604741858393
2015_1279_1314,0.29594071684041312
2015_1279_1316,0.70226135339528939
2015_1279_1318,0.6987059607486994
2015_1279_1320,0.26020580690245793
2015_1279_1323,0.20199972571981736
2015_1279_1326,0.21678463260608738
2015_1279_1328,0.37502536879512444
2015_1279_1329,0.20855732433704657
2015_1279_1332,0.6456504228454526
2015_1279_1344,0.3031029309514941
2015_1279_1345,0.20030998551516094
2015_1279_1352,0.70757023107314343
2015_1279_1361,0.19998758512104964
2015_1279_1372,0.66549636549928159
2015_1279_1374,0.87136221579618067
2015_1279_1385,0.3782458318739918
2015_1279_1400,0.42563162811227601
2015_1279_1411,0.791838175497522
2015_1279_1412,0.60008492091894783
2015_1279_1414,0.62278675862226085
2015_1279_1417,0.26318632849641238
2015_1279_1428,0.10442574602083719
2015_1279_1433,0.14802534307700763
2015_1279_1434,0.70896440353996826
2015_1279_1437,0.16123440841110578
2015_1279_1438,0.12189683666825038
2015_1279_1452,0.29269843930545292
2015_1279_1455,0.29594575748610769
2015_1279_1458,0.25975607246280724
2015_1279_1459,0.64477583354215395
2015_1279_1461,0.5270463479876405
2015_1279_1462,0.30633356299936859
2015_1295_1301,0.23464298642894788
2015_1295_1308,0.35901225318698271
2015_1295_1314,0.26885368051856418
2015_1295_1316,0.45044986893079175
2015_1295_1318,0.79150622814928862
2015_1295_1320,0.68595682244460199
2015_1295_1323,0.32943935909756694
2015_1295_1326,0.29505747280672812
2015_1295_1328,0.27565568913569177
2015_1295_1329,0.18605251303505455
2015_1295_1332,0.35126796112094139
2015_1295_1344,0.17420699801541953
2015_1295_1345,0.27909836671786548
2015_1295_1352,0.86666218044115351
2015_1295_1361,0.34636232910450371
2015_1295_1372,0.48251900408645476
2015_1295_1374,0.88272830078992748
2015_1295_1385,0.33950404224408293
2015_1295_1400,0.17634711651985149
2015_1295_1411,0.7501130291027619
2015_1295_1412,0.58142625522369262
2015_1295_1414,0.73825705983303491
2015_1295_1417,0.27170565100629507
2015_1295_1428,0.24637286275607445
2015_1295_1433,0.39114952996499247
2015_1295_1434,0.36749155337365036
2015_1295_1437,0.16568802599353696
2015_1295_1438,0.29221896035698175
2015_1295_1452,0.27149936871462743
2015_1295_1455,0.42565541120439626
2015_1295_1458,0.34875285878980172
2015_1295_1459,0.42876032805642489
2015_1295_1461,0.78805816706895981
2015_1295_1462,0.16080887684756137
2015_1301_1308,0.5820983621733743
2015_1301_1314,0.82254796332912783
2015_1301_1316,0.57357956515261854
2015_1301_1318,0.71290659434087911
2015_1301_1320,0.79905288648393169
2015_1301_1323,0.17638214641256372
2015_1301_1326,0.79690171358103079
2015_1301_1328,0.36471004500995696
2015_1301_1329,0.048247881411504379
2015_1301_1332,0.79277835274421515
2015_1301_1344,0.68846476913017385
2015_1301_1345,0.48876098831391201
2015_1301_1352,0.78606517971706291
2015_1301_1361,0.75690234819688396
2015_1301_1372,0.63269360437191147
2015_1301_1374,0.84639649573048104
2015_1301_1385,0.6355561996452872
2015_1301_1400,0.60646922689115745
2015_1301_1411,0.70434560724257733
2015_1301_1412,0.69428384086714379
2015_1301_1414,0.76966941279721124
2015_1301_1417,0.6516411405994168
2015_1301_1428,0.52403726157050412
2015_1301_1433,0.53226035724734366
2015_1301_1434,0.71789647678895663
2015_1301_1437,0.43047507561744008
2015_1301_1438,0.17633642186430479
2015_1301_1452,0.17633743980520619
2015_1301_1455,0.69377899404621057
2015_1301_1458,0.29267266839491046
2015_1301_1459,0.23027965823884899
2015_1301_1461,0.80197519827509978
2015_1301_1462,0.82515934896910625
2015_1308_1314,0.30999524333260914
2015_1308_1316,0.55918950602081285
2015_1308_1318,0.80957364590755787
2015_1308_1320,0.43266250963549202
2015_1308_1323,0.38126938513817715
2015_1308_1326,0.32930058724636446
2015_1308_1328,0.35132071883728078
2015_1308_1329,0.2954357610145138
2015_1308_1332,0.2801278376549311
2015_1308_1344,0.2036554105977699
2015_1308_1345,0.37468614944032563
2015_1308_1352,0.89680945578264526
2015_1308_1361,0.22576284038194042
2015_1308_1372,0.49435161241465864
2015_1308_1374,0.80392257740858653
2015_1308_1385,0.3365406948134933
2015_1308_1400,0.32322715810799918
2015_1308_1411,0.82257362566499448
2015_1308_1412,0.51901444821247866
2015_1308_1414,0.81179335581168988
2015_1308_1417,0.29059962594520677
2015_1308_1428,0.34037872497248917
2015_1308_1433,0.20520270322056902
2015_1308_1434,0.44653046753769421
2015_1308_1437,0.26116968529947365
2015_1308_1438,0.38628907797063416
2015_1308_1452,0.38269380090434341
2015_1308_1455,0.17644278399504268
2015_1308_1458,0.41124341310084167
2015_1308_1459,0.57448684908760594
2015_1308_1461,0.65217068793414679
2015_1308_1462,0.18811189143961182
2015_1314_1316,0.76143536984058213
2015_1314_1318,0.71473161110319183
2015_1314_1320,0.68280591141780056
2015_1314_1323,0.46117314915695173
2015_1314_1326,0.76511171965219205
2015_1314_1328,0.27665462240301358
2015_1314_1329,0.64629408420271128
2015_1314_1332,0.76112053679306468
2015_1314_1344,0.6458283135068974
2015_1314_1345,0.41413405340667531
2015_1314_1352,0.8225002750552457
2015_1314_1361,0.72361297644881406
2015_1314_1372,0.67599336290250445
2015_1314_1374,0.84495557170973257
2015_1314_1385,0.74706317288851543
2015_1314_1400,0.46991852308782822
2015_1314_1411,0.6559870475179973
2015_1314_1412,0.83783757999042985
2015_1314_1414,0.75416822695958929
2015_1314_1417,0.82264591566215195
2015_1314_1428,0.41900220296901997
2015_1314_1433,0.6155170781545275
2015_1314_1434,0.78714424611025779
2015_1314_1437,0.3807212647879829
2015_1314_1438,0.40828329798857749
2015_1314_1452,0.5265087815833277
2015_1314_1455,0.682018777777184
2015_1314_1458,0.28658054505501457
2015_1314_1459,0.72108808923721979
2015_1314_1461,0.65709170549285323
2015_1314_1462,0.79387635797386924
2015_1316_1318,0.68094634261751652
2015_1316_1320,0.24847734632856949
2015_1316_1323,0.25620955146407848
2015_1316_1326,0.17059592412862629
2015_1316_1328,0.25050608614802777
2015_1316_1329,0.21336188531400183
2015_1316_1332,0.2470491139046867
2015_1316_1344,0.10658817393844272
2015_1316_1345,0.51144342045089675
2015_1316_1352,0.80756623922905946
2015_1316_1361,0.20915325617863467
2015_1316_1372,0.53585913880758707
2015_1316_1374,0.76094559193371203
2015_1316_1385,0.22634535800845984
2015_1316_1400,0.28647142100166856
2015_1316_1411,0.63183134502761784
2015_1316_1412,0.38553519534705538
2015_1316_1414,0.6029710890384723
2015_1316_1417,0.24116634843192997
2015_1316_1428,0.19082046494261232
2015_1316_1433,0.20081127548429381
2015_1316_1434,0.41221505722769958
2015_1316_1437,0.13843569267371658
2015_1316_1438,0.30385498557709667
2015_1316_1452,0.30080814720273941
2015_1316_1455,0.38641348146035437
2015_1316_1458,0.37248856656662688
2015_1316_1459,0.42729427862237723
2015_1316_1461,0.47415123218368949
2015_1316_1462,0.080067964077004811
2015_1318_1320,0.40413580260572074
2015_1318_1323,0.2735786727315872
2015_1318_1326,0.22086010266968076
2015_1318_1328,0.23657615549797595
2015_1318_1329,0.16946840479149175
2015_1318_1332,0.16647183030919413
2015_1318_1344,0.2167237818202507
2015_1318_1345,0.24758533092037072
2015_1318_1352,0.78030774973583039
2015_1318_1361,0.11323835692602342
2015_1318_1372,0.39276681331810698
2015_1318_1374,0.68147740519497479
2015_1318_1385,0.28040712664669004
2015_1318_1400,0.19558480367349085
2015_1318_1411,0.70407758959419686
2015_1318_1412,0.55076715074040328
2015_1318_1414,0.5766811392037744
2015_1318_1417,0.20316533555559421
2015_1318_1428,0.21759610207425623
2015_1318_1433,0.26987964171385032
2015_1318_1434,0.17958162375743233
2015_1318_1437,0.16078558383284164
2015_1318_1438,0.25317887428485125
2015_1318_1452,0.24456992672332889
2015_1318_1455,0.23070409605338324
2015_1318_1458,0.25861677952407169
2015_1318_1459,0.24178098438618417
2015_1318_1461,0.51623038345349392
2015_1318_1462,0.14051188668000511
2015_1320_1323,0.24964225888733352
2015_1320_1326,0.14014202514844018
2015_1320_1328,0.15981872621972554
2015_1320_1329,0.085799592314179468
2015_1320_1332,0.28369642136960815
2015_1320_1344,0.12350728323519124
2015_1320_1345,0.14072469271428029
2015_1320_1352,0.59680481895096493
2015_1320_1361,0.31271326689192475
2015_1320_1372,0.43375932465739864
2015_1320_1374,0.82557224268293494
2015_1320_1385,0.17884214255708736
2015_1320_1400,0.15951146075548009
2015_1320_1411,0.80883700209115039
2015_1320_1412,0.96607597023337877
2015_1320_1414,0.79016814068358698
2015_1320_1417,0.24734426796220735
2015_1320_1428,0.26227486312869414
2015_1320_1433,0.26677608447773543
2015_1320_1434,0.16991859874109419
2015_1320_1437,0.13622773138707195
2015_1320_1438,0.14997431392748303
2015_1320_1452,0.2368468926813258
2015_1320_1455,0.37918693401099157
2015_1320_1458,0.14192262468509034
2015_1320_1459,0.52227712155295158
2015_1320_1461,0.55961391391733795
2015_1320_1462,0.098308361874252487
2015_1323_1326,0.44280131271573542
2015_1323_1328,0.5310348062218323
2015_1323_1329,0.67383081817590351
2015_1323_1332,0.81127830891557651
2015_1323_1344,0.61792734280323258
2015_1323_1345,0.76160249867573782
2015_1323_1352,0.75788803550304096
2015_1323_1361,0.61385389179681371
2015_1323_1372,0.65153306447657178
2015_1323_1374,0.88591535460257953
2015_1323_1385,0.50990623380386468
2015_1323_1400,0.6334690854830245
2015_1323_1411,0.71796818486965386
2015_1323_1412,0.81634584497139107
2015_1323_1414,0.66881055738644246
2015_1323_1417,0.53549567241795371
2015_1323_1428,0.51660943237657264
2015_1323_1433,0.54106207833607201
2015_1323_1434,0.74858427632283175
2015_1323_1437,0.40717346318737835
2015_1323_1438,0.26479047141914464
2015_1323_1452,0.55473571392624821
2015_1323_1455,0.64989671787594305
2015_1323_1458,0.25788641049460331
2015_1323_1459,0.76277318649964465
2015_1323_1461,0.74569685036843381
2015_1323_1462,0.77240452569467455
2015_1326_1328,0.31648244922588592
2015_1326_1329,0.42751446119267167
2015_1326_1332,0.57615277024140499
2015_1326_1344,0.31275174522347587
2015_1326_1345,0.89935223636018125
2015_1326_1352,0.87294300907136801
2015_1326_1361,0.71201701436804543
2015_1326_1372,0.73502491496967015
2015_1326_1374,0.91823752450876461
2015_1326_1385,0.76517188321173391
2015_1326_1400,0.28357758216413392
2015_1326_1411,0.75595065748772861
2015_1326_1412,0.81769302994248583
2015_1326_1414,0.83363805869647756
2015_1326_1417,0.64816469242815999
2015_1326_1428,0.44123096281782281
2015_1326_1433,0.42616995126171231
2015_1326_1434,0.83376476418453727
2015_1326_1437,0.27180307069814247
2015_1326_1438,0.40486512879937958
2015_1326_1452,0.45859741541016674
2015_1326_1455,0.74526292581096887
2015_1326_1458,0.17637275006995232
2015_1326_1459,0.84898003632987018
2015_1326_1461,0.71906385181040611
2015_1326_1462,0.52133892371956059
2015_1328_1329,0.82265153663825052
2015_1328_1332,0.64755327717029487
2015_1328_1344,0.69650540034943387
2015_1328_1345,0.68988996783672973
2015_1328_1352,0.7984714561718107
2015_1328_1361,0.75120681418788249
2015_1328_1372,0.59911045482623115
2015_1328_1374,0.79884803446987218
2015_1328_1385,0.70329119626326841
2015_1328_1400,0.82257578818872368
2015_1328_1411,0.70535685526135783
2015_1328_1412,0.80372450637289627
2015_1328_1414,0.77282604555293588
2015_1328_1417,0.64561473244303147
2015_1328_1428,0.98583436178110828
2015_1328_1433,0.60066902206611206
2015_1328_1434,0.74973760376290677
2015_1328_1437,0.32970258140356712
2015_1328_1438,0.64210763698970819
2015_1328_1452,0.68377298668035358
2015_1328_1455,0.70241225254108375
2015_1328_1458,0.17644507729169204
2015_1328_1459,0.72020336003065
2015_1328_1461,0.74727156572441045
2015_1328_1462,0.73920510224404556
2015_1329_1332,0.48239831372825942
2015_1329_1344,0.26353567919458071
2015_1329_1345,0.66381197189206487
2015_1329_1352,0.85713691015122495
2015_1329_1361,0.8599520520318612
2015_1329_1372,0.69362306782726624
2015_1329_1374,0.89514838541143604
2015_1329_1385,0.4674061011509667
2015_1329_1400,0.82257954767707486
2015_1329_1411,0.71391344019191794
2015_1329_1412,0.82794381009321638
2015_1329_1414,0.85347869230098561
2015_1329_1417,0.64932006769391126
2015_1329_1428,0.48013544413808523
2015_1329_1433,0.50676343150057801
2015_1329_1434,0.82037373469258457
2015_1329_1437,0.41849356996250059
2015_1329_1438,0.34389754279285056
2015_1329_1452,0.17642245888084249
2015_1329_1455,0.81688630405154372
2015_1329_1458,0.24909002857254237
2015_1329_1459,0.73204457625553676
2015_1329_1461,0.83361131657911447
2015_1329_1462,0.54451490557832782
2015_1332_1344,0.62130023428657766
2015_1332_1345,0.52067894072412224
2015_1332_1352,0.82662785476900402
2015_1332_1361,0.70009307901994855
2015_1332_1372,0.650468342898056
2015_1332_1374,0.91182378928637065
2015_1332_1385,0.5152578585772728
2015_1332_1400,0.47629167611390644
2015_1332_1411,0.7387542295629983
2015_1332_1412,0.81057807135220972
2015_1332_1414,0.8580656372418618
2015_1332_1417,0.6863257758562169
2015_1332_1428,0.82254118289035827
2015_1332_1433,0.22909928898349632
2015_1332_1434,0.83015484501184011
2015_1332_1437,0.16496208071673243
2015_1332_1438,0.3135144572713191
2015_1332_1452,0.45422602911111254
2015_1332_1455,0.78537320638898056
2015_1332_1458,0.25755705436160276
2015_1332_1459,0.75525543360759262
2015_1332_1461,0.7289986924994345
2015_1332_1462,0.7582098675251262
2015_1344_1345,0.66376683551487947
2015_1344_1352,0.79621413799157259
2015_1344_1361,0.90455666835192239
2015_1344_1372,0.77057461444500164
2015_1344_1374,0.92138480822735969
2015_1344_1385,0.64483227916602348
2015_1344_1400,0.72012290900432341
2015_1344_1411,0.75363754686904194
2015_1344_1412,0.82251994258615935
2015_1344_1414,0.85277807535693584
2015_1344_1417,0.65700154924220133
2015_1344_1428,0.58370225405068221
2015_1344_1433,0.6539416305321395
2015_1344_1434,0.85105725462716297
2015_1344_1437,0.17627816382441455
2015_1344_1438,0.30803798472768218
2015_1344_1452,0.48417105173839298
2015_1344_1455,0.88588526108096721
2015_1344_1458,0.1972034969042131
2015_1344_1459,0.87416307543345806
2015_1344_1461,0.80304489517966404
2015_1344_1462,0.58227657255998777
2015_1345_1352,0.73947820524317798
2015_1345_1361,0.66226471330901937
2015_1345_1372,0.62602354602007815
2015_1345_1374,0.82844702673683346
2015_1345_1385,0.52634494226115136
2015_1345_1400,0.70242852781479226
2015_1345_1411,0.71297929146617722
2015_1345_1412,0.5892208874156093
2015_1345_1414,0.76168441759882333
2015_1345_1417,0.40302590103179381
2015_1345_1428,0.36494049919215604
2015_1345_1433,0.35720070440280477
2015_1345_1434,0.71825215970956868
2015_1345_1437,0.24036798436337786
2015_1345_1438,0.30299313969988639
2015_1345_1452,0.31560646905015055
2015_1345_1455,0.66192761416148127
2015_1345_1458,0.17641643705589888
2015_1345_1459,0.69952690469145562
2015_1345_1461,0.72993769032361977
2015_1345_1462,0.27186629063005657
2015_1352_1361,0.20920313415747885
2015_1352_1372,0.25005671402678609
2015_1352_1374,0.45998949244739085
2015_1352_1385,0.15242652689361069
2015_1352_1400,0.21709676804192368
2015_1352_1411,0.64459459793803409
2015_1352_1412,0.29109749028167381
2015_1352_1414,0.54445526357312779
2015_1352_1417,0.16839082399240948
2015_1352_1428,0.17023700257830224
2015_1352_1433,0.21813234269483567
2015_1352_1434,0.14553966303651758
2015_1352_1437,0.096976701141377894
2015_1352_1438,0.19521286241821592
2015_1352_1452,0.19175338658020899
2015_1352_1455,0.2783689798605446
2015_1352_1458,0.30756442841955089
2015_1352_1459,0.3573822857259657
2015_1352_1461,0.33950594972558579
2015_1352_1462,0.033166509764194198
2015_1361_1372,0.66788882621011425
2015_1361_1374,0.91411762758948734
2015_1361_1385,0.25133102891900688
2015_1361_1400,0.2711385089909214
2015_1361_1411,0.84914558191407008
2015_1361_1412,0.78928953009445768
2015_1361_1414,0.81870443498906587
2015_1361_1417,0.40299959750708297
2015_1361_1428,0.25429209139260306
2015_1361_1433,0.27160752567581464
2015_1361_1434,0.57419656984618961
2015_1361_1437,0.21417411133367448
2015_1361_1438,0.15342323599752267
2015_1361_1452,0.36997593080813812
2015_1361_1455,0.46140692514101772
2015_1361_1458,0.19210675697827104
2015_1361_1459,0.70676983131780213
2015_1361_1461,0.82265230115998722
2015_1361_1462,0.23006429308115653
2015_1372_1374,0.7332136024646454
2015_1372_1385,0.31405727085180607
2015_1372_1400,0.34709136944935653
2015_1372_1411,0.60052180924654941
2015_1372_1412,0.48706071746795304
2015_1372_1414,0.56602518458774864
2015_1372_1417,0.30990785397283921
2015_1372_1428,0.33801685250644647
2015_1372_1433,0.28946270480847269
2015_1372_1434,0.57842898716559887
2015_1372_1437,0.24376001885006301
2015_1372_1438,0.41716457360996106
2015_1372_1452,0.42955016041337191
2015_1372_1455,0.33082318152471335
2015_1372_1458,0.4174799529681778
2015_1372_1459,0.6591085926737551
2015_1372_1461,0.40596273704672609
2015_1372_1462,0.14880660521635816
2015_1374_1385,0.1517139878828935
2015_1374_1400,0.16087841427759428
2015_1374_1411,0.75230056774157028
2015_1374_1412,0.05711639309174147
2015_1374_1414,0.34328562974168858
2015_1374_1417,0.15316627417342032
2015_1374_1428,0.17663223185628393
2015_1374_1433,0.099175664809325728
2015_1374_1434,0.025038033672696157
2015_1374_1437,0.088869562596200047
2015_1374_1438,0.22585497660287956
2015_1374_1452,0.23152622719839239
2015_1374_1455,0.11566976992438215
2015_1374_1458,0.23833250137317552
2015_1374_1459,0.092512245096033466
2015_1374_1461,0.17475104903504726
2015_1374_1462,0.045091784198003686
2015_1385_1400,0.53133139141654806
2015_1385_1411,0.71813977942048701
2015_1385_1412,0.86849323114480692
2015_1385_1414,0.72445543145751412
2015_1385_1417,0.59642131300905465
2015_1385_1428,0.30548750792703483
2015_1385_1433,0.44141656950802022
2015_1385_1434,0.76564766964882491
2015_1385_1437,0.17643797586088933
2015_1385_1438,0.36812697947587342
2015_1385_1452,0.61069814482095808
2015_1385_1455,0.50634558669991103
2015_1385_1458,0.37842588088009155
2015_1385_1459,0.78119481445894534
2015_1385_1461,0.70687660591889767
2015_1385_1462,0.82255047174930296
2015_1400_1411,0.60936260699567268
2015_1400_1412,0.76627997248235336
2015_1400_1414,0.77185894781440956
2015_1400_1417,0.60153671636858574
2015_1400_1428,0.51513171115173262
2015_1400_1433,0.57691305850368624
2015_1400_1434,0.77868560966351874
2015_1400_1437,0.36005703775778219
2015_1400_1438,0.34436953509703444
2015_1400_1452,0.17638943055432368
2015_1400_1455,0.71244639465319459
2015_1400_1458,0.35143167136199988
2015_1400_1459,0.67341536480007502
2015_1400_1461,0.73402679420641437
2015_1400_1462,0.55918342082275418
2015_1411_1412,0.23058770639769458
2015_1411_1414,0.31505411654809912
2015_1411_1417,0.26139639744783599
2015_1411_1428,0.29004486950200975
2015_1411_1433,0.24785599369986719
2015_1411_1434,0.19958694467896529
2015_1411_1437,0.18194907224709145
2015_1411_1438,0.37183180414494449
2015_1411_1452,0.37591020299110073
2015_1411_1455,0.28651087203821174
2015_1411_1458,0.44288517563835172
2015_1411_1459,0.23680019415128964
2015_1411_1461,0.22072663776122475
2015_1411_1462,0.098029838999215274
2015_1412_1414,0.65718757749112111
2015_1412_1417,0.17636963156812907
2015_1412_1428,0.28759334834376304
2015_1412_1433,0.037853807651724559
2015_1412_1434,0.63446712958654539
2015_1412_1437,0.25379470387009756
2015_1412_1438,0.2293135859451372
2015_1412_1452,0.29825627982804154
2015_1412_1455,0.22176484302128296
2015_1412_1458,0.17643136335940846
2015_1412_1459,0.40607952349531451
2015_1412_1461,0.46764466319395431
2015_1412_1462,0.10881917716642384
2015_1414_1417,0.23719505845448552
2015_1414_1428,0.22866814664808355
2015_1414_1433,0.2344019672434432
2015_1414_1434,0.19161975010275931
2015_1414_1437,0.19478470797919922
2015_1414_1438,0.22144296654025297
2015_1414_1452,0.3277972980834552
2015_1414_1455,0.1037112572094271
2015_1414_1458,0.22244971387956161
2015_1414_1459,0.33314620696480413
2015_1414_1461,0.64790241936847615
2015_1414_1462,0.081962119640212897
2015_1417_1428,0.67306639759575759
2015_1417_1433,0.44520525677068862
2015_1417_1434,0.86708252046414369
2015_1417_1437,0.35184307904149964
2015_1417_1438,0.38075455746601855
2015_1417_1452,0.15927294282240773
2015_1417_1455,0.70216509846651032
2015_1417_1458,0.27511389307124029
2015_1417_1459,0.7830588828484627
2015_1417_1461,0.61133759949446209
2015_1417_1462,0.59332499026537777
2015_1428_1433,0.61788361110357748
2015_1428_1434,0.77570349765317959
2015_1428_1437,0.68395466277344641
2015_1428_1438,0.46222500942112521
2015_1428_1452,0.47790928424590812
2015_1428_1455,0.69416068672641129
2015_1428_1458,0.38990429308319724
2015_1428_1459,0.80504798070142991
2015_1428_1461,0.64017520040598508
2015_1428_1462,0.82844245516781434
2015_1433_1434,0.86957374365530637
2015_1433_1437,0.17640835225924212
2015_1433_1438,0.17640798207453084
2015_1433_1452,0.48139172453790341
2015_1433_1455,0.66937137333915042
2015_1433_1458,0.29539860405996005
2015_1433_1459,0.67727528734404674
2015_1433_1461,0.75895469620902078
2015_1433_1462,0.59815494686716042
2015_1434_1437,0.11402563036150379
2015_1434_1438,0.25784747117286705
2015_1434_1452,0.29342558390589984
2015_1434_1455,0.41043470396221238
2015_1434_1458,0.26555356349057274
2015_1434_1459,0.54400256142489156
2015_1434_1461,0.86176336160889233
2015_1434_1462,0.048096034259230765
2015_1437_1438,0.7883588153958061
2015_1437_1452,0.63844704977286448
2015_1437_1455,0.72733683502247626
2015_1437_1458,0.2836171555689655
2015_1437_1459,0.88294398764239779
2015_1437_1461,0.77843258434108609
2015_1437_1462,0.8792871081749245
2015_1438_1452,0.51316266921568598
2015_1438_1455,0.73098328760432074
2015_1438_1458,0.48699541234122828
2015_1438_1459,0.69582165780452043
2015_1438_1461,0.75804128147939742
2015_1438_1462,0.92192139996959765
2015_1452_1455,0.68026981621131832
2015_1452_1458,0.45805676681982216
2015_1452_1459,0.82256364311460062
2015_1452_1461,0.71001231056990477
2015_1452_1462,0.60139480747718943
2015_1455_1458,0.30139787356444953
2015_1455_1459,0.70066214825793971
2015_1455_1461,0.62427853013501
2015_1455_1462,0.40802405833319377
2015_1458_1459,0.70312858190806016
2015_1458_1461,0.78714446693661755
2015_1458_1462,0.84833495540464032
2015_1459_1461,0.65410739953071362
2015_1459_1462,0.083997032022479698
2015_1461_1462,0.060024812709509601
